"Campaign name","Ad set name",Gender,Age,"Ad name","Amount spent (THB)",Reach,Impressions,"Link clicks","Landing page views","Website adds to cart","Website purchases","Website purchases conversion value","Reporting starts","Reporting ends"
"4040 | ONN | website Traffic | Always On",Gold-Retargeting,female,35-44,"ผ่อนทอง 0% June 2026",924.70398966,46416,88923,1210,1186,41,1,4581,2026-06-01,2026-06-16
"4040 | ONN | website Conversion | Always On",Gold-Retargeting-Conversion,female,35-44,"Laser Your Pride Be Proud 1-10 June 2026-Conversion",808.50365904,6873,17976,215,185,181,10,247984,2026-06-01,2026-06-16
"4040 | ONN | website Traffic | Always On",Gold-Retargeting,female,25-34,"ผ่อนทอง 0% June 2026",712.00566523,42159,71449,970,939,24,,,2026-06-01,2026-06-16
"4040 | ONN | website Conversion | Always On",Gold-Board-Conversion,female,35-44,"นาคครุฑเสริมบารมี | 11- 20 Jun 26",696.0073963,10466,23839,156,124,55,1,3432,2026-06-01,2026-06-16
"4040 | ONN | website Conversion | Always On",Gold-Retargeting-Conversion,female,25-34,"Laser Your Pride Be Proud 1-10 June 2026-Conversion",635.59432197,6688,17321,223,187,223,14,256883,2026-06-01,2026-06-16
"4040 | ONN | website Conversion | Always On",Gold-Board-Conversion,female,25-34,"นาคครุฑเสริมบารมี | 11- 20 Jun 26",604.38135966,9440,23644,116,87,54,6,215025,2026-06-01,2026-06-16
"4040 | ONN | website Conversion | Always On",Gold-Board-Conversion,female,35-44,"ปีเซี๊ยะนำโชค 1-10 June 2026-Conversion",574.47745564,9244,13371,270,234,107,6,210333,2026-06-01,2026-06-16
"4040 | ONN | website Conversion | Always On",Gold-Retargeting-Conversion,female,35-44,"Laser Your Pride Be Proud 1-10 June 2026-Conversion",446.1611482,6624,7112,41,25,13,3,88721,2026-06-01,2026-06-16
"4040 | ONN | website Conversion | Always On",Gold-Retargeting-Conversion,female,25-34,"Laser Your Pride Be Proud 1-10 June 2026-Conversion",346.17985459,6914,7546,45,17,11,,,2026-06-01,2026-06-16
"4040 | ONN | website Conversion | Always On",Gold-Board-Conversion,female,45-54,"นาคครุฑเสริมบารมี | 11- 20 Jun 26",337.27393878,5003,9844,75,57,20,7,182830,2026-06-01,2026-06-16
"4040 | ONN | website Conversion | Always On",Gold-Retargeting-Conversion,female,35-44,"ปีเซี๊ยะนำโชค 1-10 June 2026-Conversion",322.88943115,3867,6110,117,100,51,5,74371,2026-06-01,2026-06-16
"4040 | ONN | website Traffic | Always On",Gold-Retargeting,male,25-34,"ผ่อนทอง 0% June 2026",319.62272552,17888,31612,435,414,11,9,101181,2026-06-01,2026-06-16
"4040 | ONN | website Conversion | Always On",Gold-Board-Conversion,female,25-34,"ปีเซี๊ยะนำโชค 1-10 June 2026-Conversion",312.06318575,5809,9102,140,124,101,2,16873,2026-06-01,2026-06-16
"4040 | ONN | website Traffic Campaign  | Live | June 2026","Live | June 2026-Broad",female,25-34,"Live | 10 June 2026",273.35701383,11629,12191,94,79,36,4,149038,2026-06-01,2026-06-16
"4040 | ONN | website Conversion | Always On",Gold-Retargeting-Conversion,female,45-54,"Laser Your Pride Be Proud 1-10 June 2026-Conversion",260.06404341,1937,4900,85,59,67,1,34638,2026-06-01,2026-06-16
"4040 | ONN | website Conversion | Always On",Gold-Board-Conversion,male,35-44,"นาคครุฑเสริมบารมี | 11- 20 Jun 26",246.85956886,4687,10226,57,43,20,1,33545,2026-06-01,2026-06-16
"4040 | ONN | website Conversion | Always On",Gold-Board-Conversion,female,45-54,"ปีเซี๊ยะนำโชค 1-10 June 2026-Conversion",244.94465136,3283,4836,120,103,41,4,118800,2026-06-01,2026-06-16
"4040 | ONN | website Traffic Campaign  | Live | June 2026","Live | June 2026-Broad",female,35-44,"Live | 10 June 2026",232.76448734,7534,7889,90,77,20,1,35646,2026-06-01,2026-06-16
"4040 | ONN | website Traffic Campaign  | Live | June 2026","Live | June 2026-Broad",male,25-34,"Live | 10 June 2026",222.77386552,10194,10622,71,63,6,,,2026-06-01,2026-06-16
"4040 | ONN | website Traffic | Always On",Gold-Retargeting,male,35-44,"ผ่อนทอง 0% June 2026",218.35067161,12611,21649,296,288,16,1,68702,2026-06-01,2026-06-16
"4040 | ONN | website Conversion | Always On",Gold-Retargeting-Conversion,female,35-44,"นาคครุฑเสริมบารมี | 11- 20 Jun 26",208.30749403,3924,7036,38,25,6,2,9348,2026-06-01,2026-06-16
"4040 | ONN | website Conversion | Always On",Gold-Board-Conversion,male,25-34,"นาคครุฑเสริมบารมี | 11- 20 Jun 26",202.8290024,4293,9652,45,34,20,1,81720,2026-06-01,2026-06-16
"4040 | ONN | website Conversion | Always On",Gold-Retargeting-Conversion,male,35-44,"Laser Your Pride Be Proud 1-10 June 2026-Conversion",200.47082539,2013,5205,60,45,44,7,245266,2026-06-01,2026-06-16
"4040 | ONN | website Traffic Campaign  | Live | June 2026","Live | June 2026-Broad",female,45-54,"Live | 10 June 2026",196.57223472,5827,6099,61,51,3,,,2026-06-01,2026-06-16
"4040 | ONN | website Conversion | Always On",Gold-Retargeting-Conversion,female,25-34,"ปีเซี๊ยะนำโชค 1-10 June 2026-Conversion",193.30564619,2929,4560,73,61,46,4,18551,2026-06-01,2026-06-16
"4040 | ONN | website Traffic | Always On",Gold-Retargeting,female,45-54,"ผ่อนทอง 0% June 2026",193.10018617,9836,17688,273,280,11,1,4465,2026-06-01,2026-06-16
"4040 | ONN | website Traffic Campaign  | Live | June 2026","Live | June 2026-Broad",male,35-44,"Live | 10 June 2026",181.83131724,6210,6524,54,44,6,,,2026-06-01,2026-06-16
"4040 | ONN | website Traffic | Always On",Gold-Broad,female,35-44,"ผ่อนทอง 0% June 2026",173.90933936,5510,10665,412,383,212,16,423327,2026-06-01,2026-06-16
"4040 | ONN | website Traffic Campaign  | Double Day 6.6 | 1-7June 2026","Double Day 6.6 | 1-7June 2026-Lookalike",female,25-34,"Double Day 6.6 | 1-7June 2026",173.90642812,5838,6931,153,149,88,,,2026-06-01,2026-06-16
"4040 | ONN | website Traffic Campaign  | Double Day 6.6 | 1-7June 2026","Double Day 6.6 | 1-7June 2026-Lookalike",female,35-44,"Double Day 6.6 | 1-7June 2026",168.63623332,4426,5752,169,150,111,18,318029,2026-06-01,2026-06-16
"4040 | ONN | website Traffic Campaign  | Double Day 6.6 | 1-7June 2026","Double Day 6.6 | 1-7June 2026-Broad",female,25-34,"Double Day 6.6 | 1-7June 2026",166.63759053,4805,6638,146,127,121,5,762871,2026-06-01,2026-06-16
"4040 | ONN | website Conversion | Always On",Gold-Lookalike-Conversion,female,35-44,"นาคครุฑเสริมบารมี | 11- 20 Jun 26",163.17082777,3842,6141,37,30,6,1,2525,2026-06-01,2026-06-16
"4040 | ONN | website Conversion | Always On",Gold-Lookalike-Conversion,female,25-34,"นาคครุฑเสริมบารมี | 11- 20 Jun 26",161.68791205,4140,6654,43,36,15,,,2026-06-01,2026-06-16
"4040 | ONN | website Conversion | Always On",Gold-Retargeting-Conversion,female,45-54,"Laser Your Pride Be Proud 1-10 June 2026-Conversion",157.84625472,2049,2232,15,10,3,,,2026-06-01,2026-06-16
"4040 | ONN | website Conversion | Always On",Gold-Board-Conversion,male,45-54,"นาคครุฑเสริมบารมี | 11- 20 Jun 26",145.37997812,2508,5344,26,18,4,,,2026-06-01,2026-06-16
"4040 | ONN | website Conversion | Always On",Gold-Retargeting-Conversion,female,25-34,"นาคครุฑเสริมบารมี | 11- 20 Jun 26",145.2243736,2888,5078,36,32,11,4,94077,2026-06-01,2026-06-16
"4040 | ONN | website Traffic Campaign  | Double Day 6.6 | 1-7June 2026","Double Day 6.6 | 1-7June 2026-Broad",female,35-44,"Double Day 6.6 | 1-7June 2026",144.5052542,3208,5041,141,120,109,10,426249,2026-06-01,2026-06-16
"4040 | ONN | website Conversion | Always On",Gold-Retargeting-Conversion,male,35-44,"Laser Your Pride Be Proud 1-10 June 2026-Conversion",142.26761131,2859,3192,19,10,1,,,2026-06-01,2026-06-16
"4040 | ONN | website Conversion | Always On",Gold-Retargeting-Conversion,male,25-34,"Laser Your Pride Be Proud 1-10 June 2026-Conversion",140.94761114,1830,4451,39,19,20,,,2026-06-01,2026-06-16
"4040 | ONN | website Traffic | Always On",Gold-Broad,female,25-34,"ผ่อนทอง 0% June 2026",137.76700729,7194,10355,259,238,132,6,71611,2026-06-01,2026-06-16
"4040 | ONN | website Traffic Campaign  | Double Day 6.6 | 1-7June 2026","Double Day 6.6 | 1-7June 2026-Retargeting",female,35-44,"Double Day 6.6 | 1-7June 2026",119.21,2805,3846,70,51,24,1,12755,2026-06-01,2026-06-16
"4040 | ONN | website Traffic | Always On",Gold-Broad,male,25-34,"ผ่อนทอง 0% June 2026",118.27035486,10143,11817,166,153,26,2,147543,2026-06-01,2026-06-16
"4040 | ONN | website Conversion | Always On",Gold-Retargeting-Conversion,male,25-34,"Laser Your Pride Be Proud 1-10 June 2026-Conversion",110.57037151,3027,3233,12,11,3,,,2026-06-01,2026-06-16
"4040 | ONN | website Traffic Campaign  | Live | June 2026","Live | June 2026-Broad",male,45-54,"Live | 10 June 2026",109.80683441,3603,3821,25,27,1,,,2026-06-01,2026-06-16
"4040 | ONN | website Traffic Campaign  | Mid Month |","Mid Month -Retargeting",female,35-44,"Mid Month  | 15-17June 2026",104.84557406,3288,3944,45,40,3,,,2026-06-01,2026-06-16
"4040 | ONN | website Traffic | Always On",Gold-Broad,female,45-54,"ผ่อนทอง 0% June 2026",94.56226546,3017,5672,181,168,82,5,78008,2026-06-01,2026-06-16
"4040 | ONN | website Conversion | Always On",Gold-Board-Conversion,female,55-64,"นาคครุฑเสริมบารมี | 11- 20 Jun 26",91.45580247,1279,2221,26,12,9,,,2026-06-01,2026-06-16
"4040 | ONN | website Traffic Campaign  | Double Day 6.6 | 1-7June 2026","Double Day 6.6 | 1-7June 2026-Broad",female,45-54,"Double Day 6.6 | 1-7June 2026",85.3890138,1580,2496,66,55,37,,,2026-06-01,2026-06-16
"4040 | ONN | website Traffic Campaign  | Double Day 6.6 | 1-7June 2026","Double Day 6.6 | 1-7June 2026-Retargeting",female,25-34,"Double Day 6.6 | 1-7June 2026",84.74,2555,3302,72,63,9,,,2026-06-01,2026-06-16
"4040 | ONN | website Traffic | Always On",Gold-Broad,male,35-44,"ผ่อนทอง 0% June 2026",80.76755858,5304,6848,156,146,50,6,42425,2026-06-01,2026-06-16
"4040 | ONN | website Conversion | Always On",Gold-Retargeting-Conversion,male,45-54,"Laser Your Pride Be Proud 1-10 June 2026-Conversion",79.4242889,781,1880,26,18,3,1,135700,2026-06-01,2026-06-16
"4040 | ONN | website Traffic Campaign  | Double Day 6.6 | 1-7June 2026","Double Day 6.6 | 1-7June 2026-Broad",male,25-34,"Double Day 6.6 | 1-7June 2026",79.39838142,3739,4308,54,48,12,2,3912,2026-06-01,2026-06-16
"4040 | ONN | website Conversion | Always On",Gold-Board-Conversion,male,35-44,"ปีเซี๊ยะนำโชค 1-10 June 2026-Conversion",77.7883014,1414,2095,36,26,21,4,157355,2026-06-01,2026-06-16
"4040 | ONN | website Conversion | Always On",Gold-Retargeting-Conversion,female,45-54,"ปีเซี๊ยะนำโชค 1-10 June 2026-Conversion",77.34225906,926,1389,35,24,13,3,42611,2026-06-01,2026-06-16
"4040 | ONN | website Traffic Campaign  | Live | June 2026","Live | June 2026 -Lookalike",female,35-44,"Live | 10 June 2026",76.88,2448,2696,20,22,40,1,65440,2026-06-01,2026-06-16
"4040 | ONN | website Conversion | Always On",Gold-Lookalike-Conversion,female,45-54,"นาคครุฑเสริมบารมี | 11- 20 Jun 26",75.59864265,1533,2410,19,12,1,1,4486,2026-06-01,2026-06-16
"4040 | ONN | website Traffic Campaign  | Live | June 2026","Live | June 2026 -Lookalike",female,25-34,"Live | 10 June 2026",71.82,2909,3285,19,20,29,8,204905,2026-06-01,2026-06-16
"4040 | ONN | website Traffic Campaign  | Mid Month |","Mid Month -Retargeting",female,25-34,"Mid Month  | 15-17June 2026",68.17628988,2257,2834,19,16,1,,,2026-06-01,2026-06-16
"4040 | ONN | website Conversion | Always On",Gold-Retargeting-Conversion,female,45-54,"นาคครุฑเสริมบารมี | 11- 20 Jun 26",67.55972859,1053,1830,18,12,4,,,2026-06-01,2026-06-16
"4040 | ONN | website Traffic Campaign  | Mid Month |","Mid Month  -Broad",female,35-44,"Mid Month  | 15-17June 2026",66.16988586,1808,2553,46,33,10,1,67840,2026-06-01,2026-06-16
"4040 | ONN | website Traffic | Always On",Gold-Lookalike,female,25-34,"ผ่อนทอง 0% June 2026",65.42421218,6962,7840,96,96,1,,,2026-06-01,2026-06-16
"4040 | ONN | website Conversion | Always On",Gold-Retargeting-Conversion,male,45-54,"Laser Your Pride Be Proud 1-10 June 2026-Conversion",64.2844021,1061,1173,5,1,6,,,2026-06-01,2026-06-16
"4040 | ONN | website Traffic | Always On",Gold-Retargeting,female,18-24,"ผ่อนทอง 0% June 2026",63.46635484,4271,6600,101,96,2,,,2026-06-01,2026-06-16
"4040 | ONN | website Traffic | Always On",Gold-Broad,male,18-24,"ผ่อนทอง 0% June 2026",62.56134647,5581,6582,83,81,2,1,4591,2026-06-01,2026-06-16
"4040 | ONN | website Traffic Campaign  | Double Day 6.6 | 1-7June 2026","Double Day 6.6 | 1-7June 2026-Lookalike",male,25-34,"Double Day 6.6 | 1-7June 2026",60.02221861,2646,2912,50,47,8,,,2026-06-01,2026-06-16
"4040 | ONN | website Conversion | Always On",Gold-Lookalike-Conversion,male,35-44,"นาคครุฑเสริมบารมี | 11- 20 Jun 26",59.62723955,1595,2528,20,15,,,,2026-06-01,2026-06-16
"4040 | ONN | website Traffic Campaign  | Double Day 6.6 | 1-7June 2026","Double Day 6.6 | 1-7June 2026-Broad",male,35-44,"Double Day 6.6 | 1-7June 2026",58.43616861,1973,2515,37,35,20,4,80605,2026-06-01,2026-06-16
"4040 | ONN | website Traffic Campaign  | Mid Month |","Mid Month -Retargeting",female,45-54,"Mid Month  | 15-17June 2026",55.76870827,1476,1851,21,20,1,,,2026-06-01,2026-06-16
"4040 | ONN | website Traffic Campaign  | Double Day 6.6 | 1-7June 2026","Double Day 6.6 | 1-7June 2026-Lookalike",female,45-54,"Double Day 6.6 | 1-7June 2026",54.18200274,1231,1588,40,38,14,1,657,2026-06-01,2026-06-16
"4040 | ONN | website Traffic | Always On",Gold-Lookalike,female,35-44,"ผ่อนทอง 0% June 2026",53.8081378,5107,5868,95,93,4,,,2026-06-01,2026-06-16
"4040 | ONN | website Conversion | Always On",Gold-Board-Conversion,female,18-24,"นาคครุฑเสริมบารมี | 11- 20 Jun 26",53.21319767,1311,2457,13,16,6,,,2026-06-01,2026-06-16
"4040 | ONN | website Conversion | Always On",Gold-Board-Conversion,female,35-44,"Laser Your Pride Be Proud 1-10 June 2026-Conversion",53.15072328,1000,1429,21,14,26,,,2026-06-01,2026-06-16
"4040 | ONN | website Conversion | Always On",Gold-Board-Conversion,female,25-34,"Laser Your Pride Be Proud 1-10 June 2026-Conversion",52.96079217,1202,1725,30,25,17,,,2026-06-01,2026-06-16
"4040 | ONN | website Conversion | Always On",Gold-Board-Conversion,male,25-34,"ปีเซี๊ยะนำโชค 1-10 June 2026-Conversion",52.03886367,1086,1809,24,20,13,1,4839,2026-06-01,2026-06-16
"4040 | ONN | website Traffic Campaign  | Mid Month |","Mid Month  -Broad",female,25-34,"Mid Month  | 15-17June 2026",50.35019315,1813,2346,25,17,11,1,17561,2026-06-01,2026-06-16
"4040 | ONN | website Conversion | Always On",Gold-Lookalike-Conversion,male,25-34,"นาคครุฑเสริมบารมี | 11- 20 Jun 26",50.21874048,1543,2501,21,12,3,5,13497,2026-06-01,2026-06-16
"4040 | ONN | website Traffic Campaign  | Mid Month |","Mid Month  -Broad",female,45-54,"Mid Month  | 15-17June 2026",49.85137401,1273,1735,29,23,4,,,2026-06-01,2026-06-16
"4040 | ONN | website Traffic | Always On",Gold-Broad,male,45-54,"ผ่อนทอง 0% June 2026",48.27647235,2472,3655,90,88,11,,,2026-06-01,2026-06-16
"4040 | ONN | website Conversion | Always On",Gold-Lookalike-Conversion,female,35-44,"ปีเซี๊ยะนำโชค 1-10 June 2026-Conversion",46.91,904,1012,15,14,15,,,2026-06-01,2026-06-16
"4040 | ONN | website Traffic | Always On",Gold-Retargeting,female,55-64,"ผ่อนทอง 0% June 2026",46.46929669,2481,4336,72,67,1,,,2026-06-01,2026-06-16
"4040 | ONN | website Traffic | Always On",Gold-Retargeting,male,45-54,"ผ่อนทอง 0% June 2026",45.81902666,2770,4451,70,68,4,,,2026-06-01,2026-06-16
"4040 | ONN | website Traffic Campaign  | Double Day 6.6 | 1-7June 2026","Double Day 6.6 | 1-7June 2026-Lookalike",male,35-44,"Double Day 6.6 | 1-7June 2026",44.08162939,1770,1943,37,35,8,2,52940,2026-06-01,2026-06-16
"4040 | ONN | website Conversion | Always On",Gold-Retargeting-Conversion,male,35-44,"นาคครุฑเสริมบารมี | 11- 20 Jun 26",42.18226754,1046,1793,17,15,3,,,2026-06-01,2026-06-16
"4040 | ONN | website Traffic | Always On",Gold-Lookalike,male,25-34,"ผ่อนทอง 0% June 2026",42.1520425,4312,5023,67,60,2,,,2026-06-01,2026-06-16
"4040 | ONN | website Traffic Campaign  | Double Day 6.6 | 1-7June 2026","Double Day 6.6 | 1-7June 2026-Broad",female,55-64,"Double Day 6.6 | 1-7June 2026",39.25414373,585,841,34,27,25,3,201770,2026-06-01,2026-06-16
"4040 | ONN | website Conversion | Always On",Gold-Board-Conversion,male,45-54,"ปีเซี๊ยะนำโชค 1-10 June 2026-Conversion",38.50915911,572,847,9,6,1,1,34220,2026-06-01,2026-06-16
"4040 | ONN | website Traffic | Always On",Gold-Broad,female,18-24,"ผ่อนทอง 0% June 2026",38.3530864,3614,4048,67,64,7,,,2026-06-01,2026-06-16
"4040 | ONN | website Conversion | Always On",Gold-Board-Conversion,male,55-64,"นาคครุฑเสริมบารมี | 11- 20 Jun 26",37.70186097,838,1544,8,4,1,1,16670,2026-06-01,2026-06-16
"4040 | ONN | website Conversion | Always On",Gold-Retargeting-Conversion,female,55-64,"Laser Your Pride Be Proud 1-10 June 2026-Conversion",36.69680443,430,448,3,,,,,2026-06-01,2026-06-16
"4040 | ONN | website Traffic Campaign  | Live | June 2026","Live | June 2026-Broad",female,55-64,"Live | 10 June 2026",35.54221216,963,1033,9,5,,,,2026-06-01,2026-06-16
"4040 | ONN | website Traffic Campaign  | Double Day 6.6 | 1-7June 2026","Double Day 6.6 | 1-7June 2026-Retargeting",female,45-54,"Double Day 6.6 | 1-7June 2026",35.25,797,1076,37,25,8,,,2026-06-01,2026-06-16
"4040 | ONN | website Traffic | Always On",Gold-Broad,female,55-64,"ผ่อนทอง 0% June 2026",35.24202488,1533,2382,63,51,17,1,4674,2026-06-01,2026-06-16
"4040 | ONN | website Conversion | Always On",Gold-Board-Conversion,female,55-64,"ปีเซี๊ยะนำโชค 1-10 June 2026-Conversion",34.30925082,366,486,23,15,5,1,1590,2026-06-01,2026-06-16
"4040 | ONN | website Conversion | Always On",Gold-Retargeting-Conversion,male,35-44,"ปีเซี๊ยะนำโชค 1-10 June 2026-Conversion",34.04099429,513,800,7,7,,,,2026-06-01,2026-06-16
"4040 | ONN | website Conversion | Always On",Gold-Retargeting-Conversion,female,55-64,"Laser Your Pride Be Proud 1-10 June 2026-Conversion",31.97172647,309,596,10,7,6,,,2026-06-01,2026-06-16
"4040 | ONN | website Traffic Campaign  | Double Day 6.6 | 1-7June 2026","Double Day 6.6 | 1-7June 2026-Broad",male,45-54,"Double Day 6.6 | 1-7June 2026",30.66323686,741,1095,19,15,3,,,2026-06-01,2026-06-16
"4040 | ONN | website Conversion | Always On",Gold-Board-Conversion,female,45-54,"Laser Your Pride Be Proud 1-10 June 2026-Conversion",30.11907641,440,667,10,6,25,3,172854,2026-06-01,2026-06-16
"4040 | ONN | website Conversion | Always On",Gold-Retargeting-Conversion,male,25-34,"นาคครุฑเสริมบารมี | 11- 20 Jun 26",28.59220651,855,1467,8,7,,1,4674,2026-06-01,2026-06-16
"4040 | ONN | website Conversion | Always On",Gold-Board-Conversion,male,35-44,"Laser Your Pride Be Proud 1-10 June 2026-Conversion",28.41969274,513,777,10,7,13,,,2026-06-01,2026-06-16
"4040 | ONN | website Conversion | Always On",Gold-Lookalike-Conversion,male,45-54,"นาคครุฑเสริมบารมี | 11- 20 Jun 26",28.38581241,775,1338,6,4,1,,,2026-06-01,2026-06-16
"4040 | ONN | website Traffic | Always On",Gold-Broad,male,55-64,"ผ่อนทอง 0% June 2026",27.53939668,1487,1959,60,57,6,1,4494,2026-06-01,2026-06-16
"4040 | ONN | website Traffic Campaign  | Mid Month |","Mid Month -Lookalike",female,35-44,"Mid Month  | 15-17June 2026",27.47604419,825,1051,17,11,5,,,2026-06-01,2026-06-16
"4040 | ONN | website Conversion | Always On",Gold-Lookalike-Conversion,female,25-34,"ปีเซี๊ยะนำโชค 1-10 June 2026-Conversion",27.25,635,719,14,20,2,,,2026-06-01,2026-06-16
"4040 | ONN | website Traffic | Always On",Gold-Lookalike,male,35-44,"ผ่อนทอง 0% June 2026",27.16420493,2722,3194,36,32,,,,2026-06-01,2026-06-16
"4040 | ONN | website Traffic Campaign  | Live | June 2026","Live | June 2026 -Lookalike",female,45-54,"Live | 10 June 2026",26.23,778,865,9,8,2,,,2026-06-01,2026-06-16
"4040 | ONN | website Conversion | Always On",Gold-Retargeting-Conversion,female,18-24,"Laser Your Pride Be Proud 1-10 June 2026-Conversion",23.81792593,690,740,4,,,,,2026-06-01,2026-06-16
"4040 | ONN | website Traffic | Always On",Gold-Retargeting,male,18-24,"ผ่อนทอง 0% June 2026",23.75986645,1497,2374,38,31,,,,2026-06-01,2026-06-16
"4040 | ONN | website Conversion | Always On",Gold-Retargeting-Conversion,male,25-34,"ปีเซี๊ยะนำโชค 1-10 June 2026-Conversion",21.73063472,451,706,8,8,3,4,109088,2026-06-01,2026-06-16
"4040 | ONN | website Conversion | Always On",Gold-Retargeting-Conversion,male,55-64,"Laser Your Pride Be Proud 1-10 June 2026-Conversion",20.63111408,195,520,8,6,4,1,18083,2026-06-01,2026-06-16
"4040 | ONN | website Conversion | Always On",Gold-Board-Conversion,male,25-34,"Laser Your Pride Be Proud 1-10 June 2026-Conversion",20.10270915,464,765,4,2,2,,,2026-06-01,2026-06-16
"4040 | ONN | website Conversion | Always On",Gold-Retargeting-Conversion,female,18-24,"Laser Your Pride Be Proud 1-10 June 2026-Conversion",20.06108329,366,700,5,6,3,,,2026-06-01,2026-06-16
"4040 | ONN | website Traffic | Always On",Gold-Lookalike,female,45-54,"ผ่อนทอง 0% June 2026",19.43016058,1591,1959,32,28,3,,,2026-06-01,2026-06-16
"4040 | ONN | website Conversion | Always On",Gold-Retargeting-Conversion,male,55-64,"Laser Your Pride Be Proud 1-10 June 2026-Conversion",19.25832298,353,381,2,,1,,,2026-06-01,2026-06-16
"4040 | ONN | website Traffic Campaign  | Double Day 6.6 | 1-7June 2026","Double Day 6.6 | 1-7June 2026-Retargeting",male,35-44,"Double Day 6.6 | 1-7June 2026",19.04,475,645,4,5,,,,2026-06-01,2026-06-16
"4040 | ONN | website Traffic Campaign  | Mid Month |","Mid Month  -Broad",male,25-34,"Mid Month  | 15-17June 2026",18.69044776,890,1024,17,13,,,,2026-06-01,2026-06-16
"4040 | ONN | website Conversion | Always On",Gold-Lookalike-Conversion,female,55-64,"นาคครุฑเสริมบารมี | 11- 20 Jun 26",18.4963677,350,599,6,3,1,1,2578,2026-06-01,2026-06-16
"4040 | ONN | website Traffic | Always On",Gold-Retargeting,female,65+,"ผ่อนทอง 0% June 2026",18.44766052,982,1769,41,37,1,,,2026-06-01,2026-06-16
"4040 | ONN | website Traffic Campaign  | Mid Month |","Mid Month  -Broad",male,35-44,"Mid Month  | 15-17June 2026",18.25270852,734,904,14,8,3,,,2026-06-01,2026-06-16
"4040 | ONN | website Conversion | Always On",Gold-Lookalike-Conversion,female,18-24,"นาคครุฑเสริมบารมี | 11- 20 Jun 26",18.02544177,789,1037,4,3,,,,2026-06-01,2026-06-16
"4040 | ONN | website Conversion | Always On",Gold-Board-Conversion,female,65+,"นาคครุฑเสริมบารมี | 11- 20 Jun 26",17.8645737,389,774,8,5,1,1,16708,2026-06-01,2026-06-16
"4040 | ONN | website Traffic Campaign  | Double Day 6.6 | 1-7June 2026","Double Day 6.6 | 1-7June 2026-Broad",female,18-24,"Double Day 6.6 | 1-7June 2026",17.68186653,658,854,13,11,6,,,2026-06-01,2026-06-16
"4040 | ONN | website Conversion | Always On",Gold-Lookalike-Conversion,female,45-54,"ปีเซี๊ยะนำโชค 1-10 June 2026-Conversion",17.47,295,344,10,11,,,,2026-06-01,2026-06-16
"4040 | ONN | website Traffic Campaign  | Mid Month |","Mid Month -Lookalike",female,25-34,"Mid Month  | 15-17June 2026",16.90988157,721,856,19,14,1,4,138104,2026-06-01,2026-06-16
"4040 | ONN | website Traffic Campaign  | Double Day 6.6 | 1-7June 2026","Double Day 6.6 | 1-7June 2026-Retargeting",male,25-34,"Double Day 6.6 | 1-7June 2026",16.78,630,793,12,9,1,,,2026-06-01,2026-06-16
"4040 | ONN | website Traffic Campaign  | Mid Month |","Mid Month  -Broad",female,55-64,"Mid Month  | 15-17June 2026",15.90113257,386,469,10,7,,,,2026-06-01,2026-06-16
"4040 | ONN | website Traffic Campaign  | Live | June 2026","Live | June 2026-Broad",male,55-64,"Live | 10 June 2026",15.56096852,461,487,7,5,,,,2026-06-01,2026-06-16
"4040 | ONN | website Traffic Campaign  | Live | June 2026","Live | June 2026 -Lookalike",male,25-34,"Live | 10 June 2026",15.46,711,790,6,6,2,1,17179,2026-06-01,2026-06-16
"4040 | ONN | website Traffic Campaign  | Live | June 2026","Live | June 2026 -Lookalike",male,35-44,"Live | 10 June 2026",15.35,543,607,5,5,3,,,2026-06-01,2026-06-16
"4040 | ONN | website Conversion | Always On",Gold-Board-Conversion,male,45-54,"Laser Your Pride Be Proud 1-10 June 2026-Conversion",15.22447838,283,491,3,2,2,,,2026-06-01,2026-06-16
"4040 | ONN | website Traffic | Always On",Gold-Retargeting,male,55-64,"ผ่อนทอง 0% June 2026",15.21631868,866,1377,23,18,,,,2026-06-01,2026-06-16
"4040 | ONN | website Conversion | Always On",Gold-Board-Conversion,female,18-24,"ปีเซี๊ยะนำโชค 1-10 June 2026-Conversion",15.12966963,350,552,6,5,4,,,2026-06-01,2026-06-16
"4040 | ONN | website Traffic | Always On",Gold-Broad,male,65+,"ผ่อนทอง 0% June 2026",15.08514718,1049,1269,26,23,,,,2026-06-01,2026-06-16
"4040 | ONN | website Conversion | Always On",Gold-Board-Conversion,male,18-24,"นาคครุฑเสริมบารมี | 11- 20 Jun 26",13.90913277,504,811,4,3,1,,,2026-06-01,2026-06-16
"4040 | ONN | website Traffic | Always On",Gold-Broad,female,65+,"ผ่อนทอง 0% June 2026",13.53461813,757,1058,29,24,,,,2026-06-01,2026-06-16
"4040 | ONN | website Traffic Campaign  | Double Day 6.6 | 1-7June 2026","Double Day 6.6 | 1-7June 2026-Lookalike",male,45-54,"Double Day 6.6 | 1-7June 2026",13.52049976,456,484,16,17,2,,,2026-06-01,2026-06-16
"4040 | ONN | website Conversion | Always On",Gold-Retargeting-Conversion,male,45-54,"นาคครุฑเสริมบารมี | 11- 20 Jun 26",13.47989841,372,646,1,1,,,,2026-06-01,2026-06-16
"4040 | ONN | website Conversion | Always On",Gold-Retargeting-Conversion,female,55-64,"ปีเซี๊ยะนำโชค 1-10 June 2026-Conversion",12.33036015,82,102,5,4,,,,2026-06-01,2026-06-16
"4040 | ONN | website Traffic Campaign  | Mid Month |","Mid Month -Retargeting",male,35-44,"Mid Month  | 15-17June 2026",12.2566378,393,497,3,3,,,,2026-06-01,2026-06-16
"4040 | ONN | website Traffic Campaign  | Double Day 6.6 | 1-7June 2026","Double Day 6.6 | 1-7June 2026-Broad",male,55-64,"Double Day 6.6 | 1-7June 2026",12.20128799,218,280,10,10,2,,,2026-06-01,2026-06-16
"4040 | ONN | website Traffic Campaign  | Double Day 6.6 | 1-7June 2026","Double Day 6.6 | 1-7June 2026-Lookalike",female,55-64,"Double Day 6.6 | 1-7June 2026",12.20045097,174,266,17,12,11,,,2026-06-01,2026-06-16
"4040 | ONN | website Traffic Campaign  | Mid Month |","Mid Month  -Broad",male,45-54,"Mid Month  | 15-17June 2026",11.93093942,451,555,8,8,,,,2026-06-01,2026-06-16
"4040 | ONN | website Traffic Campaign  | Mid Month |","Mid Month -Lookalike",female,45-54,"Mid Month  | 15-17June 2026",11.84294916,353,434,8,6,,,,2026-06-01,2026-06-16
"4040 | ONN | website Traffic Campaign  | Double Day 6.6 | 1-7June 2026","Double Day 6.6 | 1-7June 2026-Broad",female,65+,"Double Day 6.6 | 1-7June 2026",11.82124787,236,293,8,7,,,,2026-06-01,2026-06-16
"4040 | ONN | website Traffic Campaign  | Mid Month |","Mid Month  -Broad",female,65+,"Mid Month  | 15-17June 2026",11.27942054,261,295,3,3,,,,2026-06-01,2026-06-16
"4040 | ONN | website Traffic Campaign  | Mid Month |","Mid Month -Retargeting",female,55-64,"Mid Month  | 15-17June 2026",10.80757717,261,307,8,4,1,,,2026-06-01,2026-06-16
"4040 | ONN | website Conversion | Always On",Gold-Retargeting-Conversion,male,45-54,"ปีเซี๊ยะนำโชค 1-10 June 2026-Conversion",10.38030319,137,233,5,4,2,,,2026-06-01,2026-06-16
"4040 | ONN | website Conversion | Always On",Gold-Lookalike-Conversion,female,35-44,"Laser Your Pride Be Proud 1-10 June 2026-Conversion",9.72,176,209,5,5,2,,,2026-06-01,2026-06-16
"4040 | ONN | website Conversion | Always On",Gold-Lookalike-Conversion,male,55-64,"นาคครุฑเสริมบารมี | 11- 20 Jun 26",9.11792774,237,345,,,,,,2026-06-01,2026-06-16
"4040 | ONN | website Conversion | Always On",Gold-Board-Conversion,male,65+,"นาคครุฑเสริมบารมี | 11- 20 Jun 26",9.10252102,300,489,6,2,,,,2026-06-01,2026-06-16
"4040 | ONN | website Traffic Campaign  | Mid Month |","Mid Month -Retargeting",male,25-34,"Mid Month  | 15-17June 2026",9.01637723,343,408,6,4,,,,2026-06-01,2026-06-16
"4040 | ONN | website Traffic | Always On",Gold-Lookalike,female,18-24,"ผ่อนทอง 0% June 2026",8.9046565,996,1110,20,18,,,,2026-06-01,2026-06-16
"4040 | ONN | website Traffic | Always On",Gold-Lookalike,female,55-64,"ผ่อนทอง 0% June 2026",8.79459895,689,821,22,18,,,,2026-06-01,2026-06-16
"4040 | ONN | website Conversion | Always On",Gold-Retargeting-Conversion,female,65+,"Laser Your Pride Be Proud 1-10 June 2026-Conversion",8.64924682,165,180,4,,1,,,2026-06-01,2026-06-16
"4040 | ONN | website Traffic | Always On",Gold-Retargeting,male,65+,"ผ่อนทอง 0% June 2026",8.48352284,470,748,18,15,,,,2026-06-01,2026-06-16
"4040 | ONN | website Traffic Campaign  | Double Day 6.6 | 1-7June 2026","Double Day 6.6 | 1-7June 2026-Broad",male,18-24,"Double Day 6.6 | 1-7June 2026",8.28087414,488,563,7,4,1,,,2026-06-01,2026-06-16
"4040 | ONN | website Traffic | Always On",Gold-Lookalike,male,45-54,"ผ่อนทอง 0% June 2026",8.17427456,782,933,13,13,,,,2026-06-01,2026-06-16
"4040 | ONN | website Conversion | Always On",Gold-Retargeting-Conversion,male,65+,"Laser Your Pride Be Proud 1-10 June 2026-Conversion",8.1292921,164,172,,,,,,2026-06-01,2026-06-16
"4040 | ONN | website Conversion | Always On",Gold-Retargeting-Conversion,female,55-64,"นาคครุฑเสริมบารมี | 11- 20 Jun 26",7.96175278,153,254,3,1,,,,2026-06-01,2026-06-16
"4040 | ONN | website Conversion | Always On",Gold-Retargeting-Conversion,female,65+,"Laser Your Pride Be Proud 1-10 June 2026-Conversion",7.73041744,80,195,4,3,4,3,13978,2026-06-01,2026-06-16
"4040 | ONN | website Traffic Campaign  | Double Day 6.6 | 1-7June 2026","Double Day 6.6 | 1-7June 2026-Lookalike",female,18-24,"Double Day 6.6 | 1-7June 2026",6.96025727,186,253,9,6,3,,,2026-06-01,2026-06-16
"4040 | ONN | website Traffic Campaign  | Live | June 2026","Live | June 2026-Broad",female,65+,"Live | 10 June 2026",6.82042451,204,204,3,2,,,,2026-06-01,2026-06-16
"4040 | ONN | website Conversion | Always On",Gold-Board-Conversion,female,55-64,"Laser Your Pride Be Proud 1-10 June 2026-Conversion",6.75754917,82,115,1,1,,,,2026-06-01,2026-06-16
"4040 | ONN | website Conversion | Always On",Gold-Retargeting-Conversion,male,18-24,"Laser Your Pride Be Proud 1-10 June 2026-Conversion",6.53943055,245,258,4,1,,,,2026-06-01,2026-06-16
"4040 | ONN | website Conversion | Always On",Gold-Lookalike-Conversion,female,25-34,"Laser Your Pride Be Proud 1-10 June 2026-Conversion",6.42,146,166,4,4,6,,,2026-06-01,2026-06-16
"4040 | ONN | website Conversion | Always On",Gold-Retargeting-Conversion,female,18-24,"นาคครุฑเสริมบารมี | 11- 20 Jun 26",6.38943179,174,287,,,,,,2026-06-01,2026-06-16
"4040 | ONN | website Traffic Campaign  | Double Day 6.6 | 1-7June 2026","Double Day 6.6 | 1-7June 2026-Broad",male,65+,"Double Day 6.6 | 1-7June 2026",6.33066828,140,153,2,1,,,,2026-06-01,2026-06-16
"4040 | ONN | website Traffic Campaign  | Double Day 6.6 | 1-7June 2026","Double Day 6.6 | 1-7June 2026-Retargeting",male,45-54,"Double Day 6.6 | 1-7June 2026",5.84,121,165,2,3,,,,2026-06-01,2026-06-16
"4040 | ONN | website Conversion | Always On",Gold-Board-Conversion,unknown,35-44,"นาคครุฑเสริมบารมี | 11- 20 Jun 26",5.57767239,95,232,1,1,,,,2026-06-01,2026-06-16
"4040 | ONN | website Conversion | Always On",Gold-Retargeting-Conversion,female,18-24,"ปีเซี๊ยะนำโชค 1-10 June 2026-Conversion",5.26015364,122,168,,,,1,67840,2026-06-01,2026-06-16
"4040 | ONN | website Conversion | Always On",Gold-Board-Conversion,unknown,45-54,"นาคครุฑเสริมบารมี | 11- 20 Jun 26",5.15709387,73,138,1,1,,,,2026-06-01,2026-06-16
"4040 | ONN | website Traffic Campaign  | Double Day 6.6 | 1-7June 2026","Double Day 6.6 | 1-7June 2026-Retargeting",female,18-24,"Double Day 6.6 | 1-7June 2026",4.9,112,138,1,1,,,,2026-06-01,2026-06-16
"4040 | ONN | website Traffic Campaign  | Mid Month |","Mid Month  -Broad",male,55-64,"Mid Month  | 15-17June 2026",4.83549166,123,140,4,4,1,,,2026-06-01,2026-06-16
"4040 | ONN | website Traffic Campaign  | Mid Month |","Mid Month -Retargeting",male,45-54,"Mid Month  | 15-17June 2026",4.7899504,154,199,6,6,,,,2026-06-01,2026-06-16
"4040 | ONN | website Conversion | Always On",Gold-Retargeting-Conversion,unknown,35-44,"Laser Your Pride Be Proud 1-10 June 2026-Conversion",4.71025435,46,118,2,1,1,,,2026-06-01,2026-06-16
"4040 | ONN | website Traffic Campaign  | Mid Month |","Mid Month -Lookalike",male,25-34,"Mid Month  | 15-17June 2026",4.51399336,216,250,5,5,1,,,2026-06-01,2026-06-16
"4040 | ONN | website Traffic Campaign  | Live | June 2026","Live | June 2026 -Lookalike",male,45-54,"Live | 10 June 2026",4.44,128,133,2,2,,,,2026-06-01,2026-06-16
"4040 | ONN | website Conversion | Always On",Gold-Board-Conversion,male,55-64,"ปีเซี๊ยะนำโชค 1-10 June 2026-Conversion",4.37990436,92,148,2,2,1,,,2026-06-01,2026-06-16
"4040 | ONN | website Conversion | Always On",Gold-Board-Conversion,female,65+,"ปีเซี๊ยะนำโชค 1-10 June 2026-Conversion",4.27990654,85,137,2,1,,,,2026-06-01,2026-06-16
"4040 | ONN | website Conversion | Always On",Gold-Lookalike-Conversion,male,18-24,"นาคครุฑเสริมบารมี | 11- 20 Jun 26",4.27841225,229,278,1,1,1,,,2026-06-01,2026-06-16
"4040 | ONN | website Conversion | Always On",Gold-Board-Conversion,male,18-24,"ปีเซี๊ยะนำโชค 1-10 June 2026-Conversion",4.25990698,85,152,1,1,2,,,2026-06-01,2026-06-16
"4040 | ONN | website Traffic Campaign  | Double Day 6.6 | 1-7June 2026","Double Day 6.6 | 1-7June 2026-Retargeting",female,55-64,"Double Day 6.6 | 1-7June 2026",4.22,95,119,3,2,,,,2026-06-01,2026-06-16
"4040 | ONN | website Traffic | Always On",Gold-Lookalike,male,18-24,"ผ่อนทอง 0% June 2026",4.18218698,436,497,7,6,,,,2026-06-01,2026-06-16
"4040 | ONN | website Traffic | Always On",Gold-Retargeting,unknown,25-34,"ผ่อนทอง 0% June 2026",4.14171988,208,377,6,4,1,,,2026-06-01,2026-06-16
"4040 | ONN | website Traffic Campaign  | Mid Month |","Mid Month  -Broad",male,65+,"Mid Month  | 15-17June 2026",4.03127305,81,96,3,2,,,,2026-06-01,2026-06-16
"4040 | ONN | website Conversion | Always On",Gold-Board-Conversion,unknown,45-54,"ปีเซี๊ยะนำโชค 1-10 June 2026-Conversion",4.01991222,28,43,,,,,,2026-06-01,2026-06-16
"4040 | ONN | website Conversion | Always On",Gold-Retargeting-Conversion,unknown,25-34,"Laser Your Pride Be Proud 1-10 June 2026-Conversion",4.01021655,35,95,2,2,1,,,2026-06-01,2026-06-16
"4040 | ONN | website Conversion | Always On",Gold-Lookalike-Conversion,female,65+,"นาคครุฑเสริมบารมี | 11- 20 Jun 26",3.79746661,98,157,1,1,,,,2026-06-01,2026-06-16
"4040 | ONN | website Traffic | Always On",Gold-Lookalike,female,65+,"ผ่อนทอง 0% June 2026",3.68192538,310,374,8,8,,,,2026-06-01,2026-06-16
"4040 | ONN | website Traffic Campaign  | Mid Month |","Mid Month -Lookalike",male,35-44,"Mid Month  | 15-17June 2026",3.63934431,203,220,3,2,2,,,2026-06-01,2026-06-16
"4040 | ONN | website Conversion | Always On",Gold-Lookalike-Conversion,male,35-44,"ปีเซี๊ยะนำโชค 1-10 June 2026-Conversion",3.55,99,106,,,,,,2026-06-01,2026-06-16
"4040 | ONN | website Conversion | Always On",Gold-Board-Conversion,male,55-64,"Laser Your Pride Be Proud 1-10 June 2026-Conversion",3.53871658,87,174,3,3,4,,,2026-06-01,2026-06-16
"4040 | ONN | website Traffic | Always On",Gold-Lookalike,male,55-64,"ผ่อนทอง 0% June 2026",3.52184167,298,350,5,5,,,,2026-06-01,2026-06-16
"4040 | ONN | website Conversion | Always On",Gold-Retargeting-Conversion,unknown,35-44,"Laser Your Pride Be Proud 1-10 June 2026-Conversion",3.49969525,47,55,1,,1,,,2026-06-01,2026-06-16
"4040 | ONN | website Traffic Campaign  | Mid Month |","Mid Month -Retargeting",female,65+,"Mid Month  | 15-17June 2026",3.47170775,75,94,3,2,,,,2026-06-01,2026-06-16
"4040 | ONN | website Conversion | Always On",Gold-Lookalike-Conversion,male,35-44,"Laser Your Pride Be Proud 1-10 June 2026-Conversion",3.43,91,106,1,,2,,,2026-06-01,2026-06-16
"4040 | ONN | website Traffic Campaign  | Live | June 2026","Live | June 2026-Broad",male,65+,"Live | 10 June 2026",3.27020354,108,108,,,,,,2026-06-01,2026-06-16
"4040 | ONN | website Traffic Campaign  | Live | June 2026","Live | June 2026 -Lookalike",female,55-64,"Live | 10 June 2026",3.27,66,69,1,,,,,2026-06-01,2026-06-16
"4040 | ONN | website Conversion | Always On",Gold-Board-Conversion,unknown,35-44,"ปีเซี๊ยะนำโชค 1-10 June 2026-Conversion",3.22992947,51,93,2,1,,,,2026-06-01,2026-06-16
"4040 | ONN | website Conversion | Always On",Gold-Lookalike-Conversion,female,45-54,"Laser Your Pride Be Proud 1-10 June 2026-Conversion",3.16,65,76,1,1,,,,2026-06-01,2026-06-16
"4040 | ONN | website Conversion | Always On",Gold-Retargeting-Conversion,male,18-24,"Laser Your Pride Be Proud 1-10 June 2026-Conversion",3.01016255,89,145,3,1,1,,,2026-06-01,2026-06-16
"4040 | ONN | website Conversion | Always On",Gold-Lookalike-Conversion,male,25-34,"ปีเซี๊ยะนำโชค 1-10 June 2026-Conversion",2.97,79,86,,,7,,,2026-06-01,2026-06-16
"4040 | ONN | website Traffic | Always On",Gold-Retargeting,unknown,35-44,"ผ่อนทอง 0% June 2026",2.74113828,153,283,2,1,,,,2026-06-01,2026-06-16
"4040 | ONN | website Conversion | Always On",Gold-Retargeting-Conversion,male,55-64,"นาคครุฑเสริมบารมี | 11- 20 Jun 26",2.69397673,103,152,,,,,,2026-06-01,2026-06-16
"4040 | ONN | website Conversion | Always On",Gold-Board-Conversion,unknown,25-34,"นาคครุฑเสริมบารมี | 11- 20 Jun 26",2.62360892,80,152,,,,,,2026-06-01,2026-06-16
"4040 | ONN | website Conversion | Always On",Gold-Board-Conversion,female,18-24,"Laser Your Pride Be Proud 1-10 June 2026-Conversion",2.43911538,81,104,,,1,,,2026-06-01,2026-06-16
"4040 | ONN | website Traffic | Always On",Gold-Lookalike,male,65+,"ผ่อนทอง 0% June 2026",2.43127138,195,232,4,3,,,,2026-06-01,2026-06-16
"4040 | ONN | website Traffic Campaign  | Double Day 6.6 | 1-7June 2026","Double Day 6.6 | 1-7June 2026-Lookalike",female,65+,"Double Day 6.6 | 1-7June 2026",2.38008798,63,77,,,,,,2026-06-01,2026-06-16
"4040 | ONN | website Conversion | Always On",Gold-Lookalike-Conversion,unknown,45-54,"นาคครุฑเสริมบารมี | 11- 20 Jun 26",2.33459029,27,47,,,,,,2026-06-01,2026-06-16
"4040 | ONN | website Conversion | Always On",Gold-Lookalike-Conversion,female,55-64,"ปีเซี๊ยะนำโชค 1-10 June 2026-Conversion",2.31,32,37,1,1,,,,2026-06-01,2026-06-16
"4040 | ONN | website Conversion | Always On",Gold-Lookalike-Conversion,male,25-34,"Laser Your Pride Be Proud 1-10 June 2026-Conversion",2.29,58,75,,,,,,2026-06-01,2026-06-16
"4040 | ONN | website Traffic Campaign  | Double Day 6.6 | 1-7June 2026","Double Day 6.6 | 1-7June 2026-Retargeting",female,65+,"Double Day 6.6 | 1-7June 2026",2.25,45,75,1,1,,,,2026-06-01,2026-06-16
"4040 | ONN | website Conversion | Always On",Gold-Retargeting-Conversion,unknown,45-54,"Laser Your Pride Be Proud 1-10 June 2026-Conversion",2.14981279,19,22,,,,,,2026-06-01,2026-06-16
"4040 | ONN | website Conversion | Always On",Gold-Board-Conversion,unknown,45-54,"Laser Your Pride Be Proud 1-10 June 2026-Conversion",2.14922052,7,13,,,,,,2026-06-01,2026-06-16
"4040 | ONN | website Traffic Campaign  | Mid Month |","Mid Month  -Broad",female,18-24,"Mid Month  | 15-17June 2026",2.05635645,100,113,,,,,,2026-06-01,2026-06-16
"4040 | ONN | website Conversion | Always On",Gold-Board-Conversion,male,65+,"ปีเซี๊ยะนำโชค 1-10 June 2026-Conversion",2.03995546,25,36,1,1,1,,,2026-06-01,2026-06-16
"4040 | ONN | website Conversion | Always On",Gold-Retargeting-Conversion,unknown,45-54,"Laser Your Pride Be Proud 1-10 June 2026-Conversion",1.97010639,17,28,2,2,,,,2026-06-01,2026-06-16
"4040 | ONN | website Conversion | Always On",Gold-Retargeting-Conversion,male,55-64,"ปีเซี๊ยะนำโชค 1-10 June 2026-Conversion",1.92005608,48,77,,,1,,,2026-06-01,2026-06-16
"4040 | ONN | website Traffic Campaign  | Live | June 2026","Live | June 2026-Broad",unknown,45-54,"Live | 10 June 2026",1.90011826,24,25,,,,,,2026-06-01,2026-06-16
"4040 | ONN | website Conversion | Always On",Gold-Retargeting-Conversion,male,65+,"Laser Your Pride Be Proud 1-10 June 2026-Conversion",1.90010261,42,87,1,1,,,,2026-06-01,2026-06-16
"4040 | ONN | website Conversion | Always On",Gold-Retargeting-Conversion,female,65+,"นาคครุฑเสริมบารมี | 11- 20 Jun 26",1.82269057,47,71,1,1,,,,2026-06-01,2026-06-16
"4040 | ONN | website Conversion | Always On",Gold-Board-Conversion,unknown,25-34,"ปีเซี๊ยะนำโชค 1-10 June 2026-Conversion",1.7999607,33,50,1,,1,,,2026-06-01,2026-06-16
"4040 | ONN | website Conversion | Always On",Gold-Board-Conversion,male,18-24,"Laser Your Pride Be Proud 1-10 June 2026-Conversion",1.78935104,31,75,,,1,,,2026-06-01,2026-06-16
"4040 | ONN | website Traffic Campaign  | Live | June 2026","Live | June 2026-Broad",female,18-24,"Live | 10 June 2026",1.77011017,110,110,,,,,,2026-06-01,2026-06-16
"4040 | ONN | website Traffic Campaign  | Mid Month |","Mid Month -Lookalike",female,55-64,"Mid Month  | 15-17June 2026",1.67892403,41,51,3,3,,,,2026-06-01,2026-06-16
"4040 | ONN | website Traffic Campaign  | Live | June 2026","Live | June 2026-Broad",unknown,25-34,"Live | 10 June 2026",1.6501027,70,72,1,1,,,,2026-06-01,2026-06-16
"4040 | ONN | website Conversion | Always On",Gold-Retargeting-Conversion,unknown,25-34,"Laser Your Pride Be Proud 1-10 June 2026-Conversion",1.64985633,29,30,1,,,,,2026-06-01,2026-06-16
"4040 | ONN | website Conversion | Always On",Gold-Retargeting-Conversion,female,65+,"ปีเซี๊ยะนำโชค 1-10 June 2026-Conversion",1.62004732,36,52,1,,,,,2026-06-01,2026-06-16
"4040 | ONN | website Traffic Campaign  | Mid Month |","Mid Month -Lookalike",male,45-54,"Mid Month  | 15-17June 2026",1.60854997,78,85,2,2,,,,2026-06-01,2026-06-16
"4040 | ONN | website Traffic Campaign  | Double Day 6.6 | 1-7June 2026","Double Day 6.6 | 1-7June 2026-Lookalike",male,55-64,"Double Day 6.6 | 1-7June 2026",1.60005914,43,49,1,1,,,,2026-06-01,2026-06-16
"4040 | ONN | website Conversion | Always On",Gold-Retargeting-Conversion,unknown,35-44,"นาคครุฑเสริมบารมี | 11- 20 Jun 26",1.36201054,32,57,,,,,,2026-06-01,2026-06-16
"4040 | ONN | website Conversion | Always On",Gold-Board-Conversion,unknown,35-44,"Laser Your Pride Be Proud 1-10 June 2026-Conversion",1.34951056,13,24,3,5,1,,,2026-06-01,2026-06-16
"4040 | ONN | website Traffic | Always On",Gold-Broad,unknown,45-54,"ผ่อนทอง 0% June 2026",1.210413,18,46,5,5,,,,2026-06-01,2026-06-16
"4040 | ONN | website Conversion | Always On",Gold-Retargeting-Conversion,male,18-24,"นาคครุฑเสริมบารมี | 11- 20 Jun 26",1.16171487,53,69,,,,,,2026-06-01,2026-06-16
"4040 | ONN | website Traffic | Always On",Gold-Broad,unknown,35-44,"ผ่อนทอง 0% June 2026",1.15039252,45,64,1,1,1,,,2026-06-01,2026-06-16
"4040 | ONN | website Conversion | Always On",Gold-Lookalike-Conversion,male,65+,"นาคครุฑเสริมบารมี | 11- 20 Jun 26",1.02200948,64,91,,,,,,2026-06-01,2026-06-16
"4040 | ONN | website Conversion | Always On",Gold-Board-Conversion,unknown,55-64,"นาคครุฑเสริมบารมี | 11- 20 Jun 26",1.021405,12,19,,,,,,2026-06-01,2026-06-16
"4040 | ONN | website Conversion | Always On",Gold-Retargeting-Conversion,unknown,35-44,"ปีเซี๊ยะนำโชค 1-10 June 2026-Conversion",1.02002979,22,25,,,,,,2026-06-01,2026-06-16
"4040 | ONN | website Traffic Campaign  | Mid Month |","Mid Month  -Broad",male,18-24,"Mid Month  | 15-17June 2026",1.01799824,61,64,,,,,,2026-06-01,2026-06-16
"4040 | ONN | website Conversion | Always On",Gold-Lookalike-Conversion,unknown,35-44,"นาคครุฑเสริมบารมี | 11- 20 Jun 26",1.00197008,29,45,,,,,,2026-06-01,2026-06-16
"4040 | ONN | website Traffic Campaign  | Double Day 6.6 | 1-7June 2026","Double Day 6.6 | 1-7June 2026-Lookalike",male,18-24,"Double Day 6.6 | 1-7June 2026",1.00003696,46,48,1,1,1,,,2026-06-01,2026-06-16
"4040 | ONN | website Conversion | Always On",Gold-Lookalike-Conversion,male,45-54,"ปีเซี๊ยะนำโชค 1-10 June 2026-Conversion",1,27,27,,,1,,,2026-06-01,2026-06-16
"4040 | ONN | website Conversion | Always On",Gold-Lookalike-Conversion,male,45-54,"Laser Your Pride Be Proud 1-10 June 2026-Conversion",1,23,23,,,,,,2026-06-01,2026-06-16
"4040 | ONN | website Conversion | Always On",Gold-Lookalike-Conversion,unknown,25-34,"นาคครุฑเสริมบารมี | 11- 20 Jun 26",0.98193068,31,39,,,,,,2026-06-01,2026-06-16
"4040 | ONN | website Traffic | Always On",Gold-Retargeting,unknown,45-54,"ผ่อนทอง 0% June 2026",0.97040297,35,59,1,,,,,2026-06-01,2026-06-16
"4040 | ONN | website Traffic Campaign  | Live | June 2026","Live | June 2026-Broad",unknown,35-44,"Live | 10 June 2026",0.97006038,34,35,1,3,,,,2026-06-01,2026-06-16
"4040 | ONN | website Traffic Campaign  | Mid Month |","Mid Month -Retargeting",female,18-24,"Mid Month  | 15-17June 2026",0.9559775,41,48,1,1,,,,2026-06-01,2026-06-16
"4040 | ONN | website Conversion | Always On",Gold-Retargeting-Conversion,unknown,65+,"Laser Your Pride Be Proud 1-10 June 2026-Conversion",0.92004968,2,7,,,,,,2026-06-01,2026-06-16
"4040 | ONN | website Conversion | Always On",Gold-Board-Conversion,female,65+,"Laser Your Pride Be Proud 1-10 June 2026-Conversion",0.90967008,24,49,,,,,,2026-06-01,2026-06-16
"4040 | ONN | website Traffic Campaign  | Double Day 6.6 | 1-7June 2026","Double Day 6.6 | 1-7June 2026-Broad",unknown,25-34,"Double Day 6.6 | 1-7June 2026",0.90009502,35,48,1,,,,,2026-06-01,2026-06-16
"4040 | ONN | website Conversion | Always On",Gold-Retargeting-Conversion,unknown,45-54,"ปีเซี๊ยะนำโชค 1-10 June 2026-Conversion",0.90002629,4,7,,,,,,2026-06-01,2026-06-16
"4040 | ONN | website Conversion | Always On",Gold-Retargeting-Conversion,male,25-34,"ปีเซี๊ยะนำโชค 1-10 June 2026-Conversion",0.9,6,6,,,,,,2026-06-01,2026-06-16
"4040 | ONN | website Conversion | Always On",Gold-Board-Conversion,unknown,18-24,"นาคครุฑเสริมบารมี | 11- 20 Jun 26",0.88121216,19,31,,,,,,2026-06-01,2026-06-16
"4040 | ONN | website Traffic | Always On",Gold-Broad,unknown,25-34,"ผ่อนทอง 0% June 2026",0.87029695,54,66,1,1,,,,2026-06-01,2026-06-16
"4040 | ONN | website Traffic Campaign  | Double Day 6.6 | 1-7June 2026","Double Day 6.6 | 1-7June 2026-Lookalike",unknown,35-44,"Double Day 6.6 | 1-7June 2026",0.82003031,28,33,2,2,1,,,2026-06-01,2026-06-16
"4040 | ONN | website Traffic Campaign  | Mid Month |","Mid Month -Lookalike",female,65+,"Mid Month  | 15-17June 2026",0.79422155,21,26,1,1,,,,2026-06-01,2026-06-16
"4040 | ONN | website Traffic Campaign  | Double Day 6.6 | 1-7June 2026","Double Day 6.6 | 1-7June 2026-Broad",unknown,35-44,"Double Day 6.6 | 1-7June 2026",0.73007707,22,35,1,1,,,,2026-06-01,2026-06-16
"4040 | ONN | website Conversion | Always On",Gold-Board-Conversion,male,65+,"Laser Your Pride Be Proud 1-10 June 2026-Conversion",0.70974259,15,19,,,,,,2026-06-01,2026-06-16
"4040 | ONN | website Traffic Campaign  | Double Day 6.6 | 1-7June 2026","Double Day 6.6 | 1-7June 2026-Retargeting",unknown,25-34,"Double Day 6.6 | 1-7June 2026",0.7,17,27,1,1,,,,2026-06-01,2026-06-16
"4040 | ONN | website Traffic Campaign  | Live | June 2026","Live | June 2026-Broad",male,18-24,"Live | 10 June 2026",0.68004233,60,60,,,,,,2026-06-01,2026-06-16
"4040 | ONN | website Traffic Campaign  | Double Day 6.6 | 1-7June 2026","Double Day 6.6 | 1-7June 2026-Lookalike",male,65+,"Double Day 6.6 | 1-7June 2026",0.67002477,15,19,1,1,,,,2026-06-01,2026-06-16
"4040 | ONN | website Conversion | Always On",Gold-Retargeting-Conversion,male,18-24,"ปีเซี๊ยะนำโชค 1-10 June 2026-Conversion",0.64001869,20,30,,,,,,2026-06-01,2026-06-16
"4040 | ONN | website Traffic Campaign  | Double Day 6.6 | 1-7June 2026","Double Day 6.6 | 1-7June 2026-Retargeting",male,18-24,"Double Day 6.6 | 1-7June 2026",0.63,29,33,1,1,,,,2026-06-01,2026-06-16
"4040 | ONN | website Traffic Campaign  | Double Day 6.6 | 1-7June 2026","Double Day 6.6 | 1-7June 2026-Retargeting",male,55-64,"Double Day 6.6 | 1-7June 2026",0.63,27,30,,,,,,2026-06-01,2026-06-16
"4040 | ONN | website Conversion | Always On",Gold-Retargeting-Conversion,female,35-44,"ปีเซี๊ยะนำโชค 1-10 June 2026-Conversion",0.62,8,8,,,,,,2026-06-01,2026-06-16
"4040 | ONN | website Conversion | Always On",Gold-Retargeting-Conversion,unknown,25-34,"ปีเซี๊ยะนำโชค 1-10 June 2026-Conversion",0.61001782,8,14,,,,,,2026-06-01,2026-06-16
"4040 | ONN | website Conversion | Always On",Gold-Retargeting-Conversion,unknown,25-34,"นาคครุฑเสริมบารมี | 11- 20 Jun 26",0.600887,18,22,,,,,,2026-06-01,2026-06-16
"4040 | ONN | website Conversion | Always On",Gold-Board-Conversion,unknown,25-34,"Laser Your Pride Be Proud 1-10 June 2026-Conversion",0.59978247,9,16,,,,,,2026-06-01,2026-06-16
"4040 | ONN | website Traffic Campaign  | Double Day 6.6 | 1-7June 2026","Double Day 6.6 | 1-7June 2026-Lookalike",unknown,25-34,"Double Day 6.6 | 1-7June 2026",0.59002181,22,33,,,,,,2026-06-01,2026-06-16
"4040 | ONN | website Traffic Campaign  | Mid Month |","Mid Month -Retargeting",male,65+,"Mid Month  | 15-17June 2026",0.58364942,16,24,,,,,,2026-06-01,2026-06-16
"4040 | ONN | website Traffic | Always On",Gold-Retargeting,unknown,18-24,"ผ่อนทอง 0% June 2026",0.57023679,43,62,,,,,,2026-06-01,2026-06-16
"4040 | ONN | website Conversion | Always On",Gold-Lookalike-Conversion,female,18-24,"ปีเซี๊ยะนำโชค 1-10 June 2026-Conversion",0.55,21,23,1,1,,,,2026-06-01,2026-06-16
"4040 | ONN | website Traffic Campaign  | Double Day 6.6 | 1-7June 2026","Double Day 6.6 | 1-7June 2026-Retargeting",male,65+,"Double Day 6.6 | 1-7June 2026",0.55,12,14,,,,,,2026-06-01,2026-06-16
"4040 | ONN | website Conversion | Always On",Gold-Retargeting-Conversion,male,65+,"นาคครุฑเสริมบารมี | 11- 20 Jun 26",0.5407983,35,43,,,,,,2026-06-01,2026-06-16
"4040 | ONN | website Conversion | Always On",Gold-Lookalike-Conversion,unknown,55-64,"นาคครุฑเสริมบารมี | 11- 20 Jun 26",0.52102444,5,13,,,,,,2026-06-01,2026-06-16
"4040 | ONN | website Conversion | Always On",Gold-Board-Conversion,unknown,65+,"นาคครุฑเสริมบารมี | 11- 20 Jun 26",0.49067495,11,148,,,,,,2026-06-01,2026-06-16
"4040 | ONN | website Traffic | Always On",Gold-Broad,unknown,18-24,"ผ่อนทอง 0% June 2026",0.48016384,50,55,1,1,,,,2026-06-01,2026-06-16
"4040 | ONN | website Traffic Campaign  | Mid Month |","Mid Month -Lookalike",female,18-24,"Mid Month  | 15-17June 2026",0.45240468,18,25,1,,,,,2026-06-01,2026-06-16
"4040 | ONN | website Conversion | Always On",Gold-Retargeting-Conversion,female,25-34,"ปีเซี๊ยะนำโชค 1-10 June 2026-Conversion",0.45,7,7,,,,,,2026-06-01,2026-06-16
"4040 | ONN | website Conversion | Always On",Gold-Board-Conversion,unknown,65+,"ปีเซี๊ยะนำโชค 1-10 June 2026-Conversion",0.44999017,3,9,,,,,,2026-06-01,2026-06-16
"4040 | ONN | website Traffic Campaign  | Double Day 6.6 | 1-7June 2026","Double Day 6.6 | 1-7June 2026-Broad",unknown,55-64,"Double Day 6.6 | 1-7June 2026",0.44004645,2,7,,,,,,2026-06-01,2026-06-16
"4040 | ONN | website Traffic Campaign  | Double Day 6.6 | 1-7June 2026","Double Day 6.6 | 1-7June 2026-Lookalike",unknown,45-54,"Double Day 6.6 | 1-7June 2026",0.44001626,7,10,,,,,,2026-06-01,2026-06-16
"4040 | ONN | website Conversion | Always On",Gold-Retargeting-Conversion,unknown,55-64,"ปีเซี๊ยะนำโชค 1-10 June 2026-Conversion",0.43001256,1,1,,,,,,2026-06-01,2026-06-16
"4040 | ONN | website Traffic Campaign  | Live | June 2026","Live | June 2026 -Lookalike",female,65+,"Live | 10 June 2026",0.43,20,21,,,,,,2026-06-01,2026-06-16
"4040 | ONN | website Conversion | Always On",Gold-Lookalike-Conversion,unknown,65+,"ปีเซี๊ยะนำโชค 1-10 June 2026-Conversion",0.41,1,3,,,,,,2026-06-01,2026-06-16
"4040 | ONN | website Traffic Campaign  | Live | June 2026","Live | June 2026 -Lookalike",male,55-64,"Live | 10 June 2026",0.38,15,15,,,,,,2026-06-01,2026-06-16
"4040 | ONN | website Traffic Campaign  | Mid Month |","Mid Month -Retargeting",male,55-64,"Mid Month  | 15-17June 2026",0.37232808,17,18,,,,,,2026-06-01,2026-06-16
"4040 | ONN | website Traffic | Always On",Gold-Lookalike,unknown,25-34,"ผ่อนทอง 0% June 2026",0.36018835,31,37,,,,,,2026-06-01,2026-06-16
"4040 | ONN | website Traffic Campaign  | Mid Month |","Mid Month -Lookalike",male,55-64,"Mid Month  | 15-17June 2026",0.35187031,8,9,,,,,,2026-06-01,2026-06-16
"4040 | ONN | website Traffic Campaign  | Double Day 6.6 | 1-7June 2026","Double Day 6.6 | 1-7June 2026-Retargeting",unknown,45-54,"Double Day 6.6 | 1-7June 2026",0.32,3,3,,,,,,2026-06-01,2026-06-16
"4040 | ONN | website Conversion | Always On",Gold-Lookalike-Conversion,unknown,35-44,"ปีเซี๊ยะนำโชค 1-10 June 2026-Conversion",0.31,6,6,,,,,,2026-06-01,2026-06-16
"4040 | ONN | website Conversion | Always On",Gold-Lookalike-Conversion,unknown,18-24,"นาคครุฑเสริมบารมี | 11- 20 Jun 26",0.29057132,10,18,2,2,,,,2026-06-01,2026-06-16
"4040 | ONN | website Traffic Campaign  | Double Day 6.6 | 1-7June 2026","Double Day 6.6 | 1-7June 2026-Broad",unknown,45-54,"Double Day 6.6 | 1-7June 2026",0.29003062,8,9,,,,,,2026-06-01,2026-06-16
"4040 | ONN | website Conversion | Always On",Gold-Lookalike-Conversion,male,55-64,"ปีเซี๊ยะนำโชค 1-10 June 2026-Conversion",0.29,5,6,,,,,,2026-06-01,2026-06-16
"4040 | ONN | website Conversion | Always On",Gold-Retargeting-Conversion,unknown,55-64,"Laser Your Pride Be Proud 1-10 June 2026-Conversion",0.28001512,5,8,1,,,,,2026-06-01,2026-06-16
"4040 | ONN | website Conversion | Always On",Gold-Retargeting-Conversion,male,65+,"ปีเซี๊ยะนำโชค 1-10 June 2026-Conversion",0.28000818,9,22,,,,,,2026-06-01,2026-06-16
"4040 | ONN | website Conversion | Always On",Gold-Board-Conversion,unknown,55-64,"Laser Your Pride Be Proud 1-10 June 2026-Conversion",0.27989849,2,3,,,,,,2026-06-01,2026-06-16
"4040 | ONN | website Traffic Campaign  | Mid Month |","Mid Month  -Broad",unknown,25-34,"Mid Month  | 15-17June 2026",0.27485953,16,17,,,,,,2026-06-01,2026-06-16
"4040 | ONN | website Traffic Campaign  | Double Day 6.6 | 1-7June 2026","Double Day 6.6 | 1-7June 2026-Retargeting",unknown,35-44,"Double Day 6.6 | 1-7June 2026",0.27,11,14,,,,,,2026-06-01,2026-06-16
"4040 | ONN | website Conversion | Always On",Gold-Lookalike-Conversion,female,65+,"ปีเซี๊ยะนำโชค 1-10 June 2026-Conversion",0.26,8,8,,,,,,2026-06-01,2026-06-16
"4040 | ONN | website Conversion | Always On",Gold-Retargeting-Conversion,unknown,45-54,"นาคครุฑเสริมบารมี | 11- 20 Jun 26",0.25036958,5,7,,,,,,2026-06-01,2026-06-16
"4040 | ONN | website Traffic Campaign  | Mid Month |","Mid Month -Retargeting",unknown,45-54,"Mid Month  | 15-17June 2026",0.2415101,4,5,,,,,,2026-06-01,2026-06-16
"4040 | ONN | website Conversion | Always On",Gold-Retargeting-Conversion,male,35-44,"ปีเซี๊ยะนำโชค 1-10 June 2026-Conversion",0.24,4,4,,,,,,2026-06-01,2026-06-16
"4040 | ONN | website Conversion | Always On",Gold-Retargeting-Conversion,unknown,65+,"Laser Your Pride Be Proud 1-10 June 2026-Conversion",0.2399791,1,5,,,,,,2026-06-01,2026-06-16
"4040 | ONN | website Traffic | Always On",Gold-Broad,unknown,65+,"ผ่อนทอง 0% June 2026",0.2300785,5,13,,,,,,2026-06-01,2026-06-16
"4040 | ONN | website Traffic | Always On",Gold-Lookalike,unknown,35-44,"ผ่อนทอง 0% June 2026",0.21010987,20,25,1,1,,,,2026-06-01,2026-06-16
"4040 | ONN | website Traffic Campaign  | Mid Month |","Mid Month -Lookalike",unknown,35-44,"Mid Month  | 15-17June 2026",0.20106875,5,6,,,,,,2026-06-01,2026-06-16
"4040 | ONN | website Conversion | Always On",Gold-Retargeting-Conversion,female,65+,"ปีเซี๊ยะนำโชค 1-10 June 2026-Conversion",0.2,1,1,,,,,,2026-06-01,2026-06-16
"4040 | ONN | website Traffic Campaign  | Mid Month |","Mid Month -Retargeting",unknown,25-34,"Mid Month  | 15-17June 2026",0.18113258,9,11,,,,,,2026-06-01,2026-06-16
"4040 | ONN | website Conversion | Always On",Gold-Lookalike-Conversion,male,18-24,"ปีเซี๊ยะนำโชค 1-10 June 2026-Conversion",0.18,2,2,,,,,,2026-06-01,2026-06-16
"4040 | ONN | website Traffic Campaign  | Mid Month |","Mid Month  -Broad",unknown,65+,"Mid Month  | 15-17June 2026",0.1730597,2,2,,,,,,2026-06-01,2026-06-16
"4040 | ONN | website Conversion | Always On",Gold-Retargeting-Conversion,unknown,65+,"นาคครุฑเสริมบารมี | 11- 20 Jun 26",0.17025132,3,3,,,,,,2026-06-01,2026-06-16
"4040 | ONN | website Traffic | Always On",Gold-Retargeting,unknown,55-64,"ผ่อนทอง 0% June 2026",0.17007062,7,20,,,,,,2026-06-01,2026-06-16
"4040 | ONN | website Conversion | Always On",Gold-Lookalike-Conversion,male,55-64,"Laser Your Pride Be Proud 1-10 June 2026-Conversion",0.17,4,5,,,,,,2026-06-01,2026-06-16
"4040 | ONN | website Traffic Campaign  | Mid Month |","Mid Month -Retargeting",unknown,35-44,"Mid Month  | 15-17June 2026",0.16100674,7,10,,,,,,2026-06-01,2026-06-16
"4040 | ONN | website Traffic Campaign  | Double Day 6.6 | 1-7June 2026","Double Day 6.6 | 1-7June 2026-Retargeting",unknown,55-64,"Double Day 6.6 | 1-7June 2026",0.16,1,1,,,,,,2026-06-01,2026-06-16
"4040 | ONN | website Traffic | Always On",Gold-Lookalike,unknown,18-24,"ผ่อนทอง 0% June 2026",0.15007848,14,16,,,,,,2026-06-01,2026-06-16
"4040 | ONN | website Traffic | Always On",Gold-Lookalike,unknown,45-54,"ผ่อนทอง 0% June 2026",0.15007848,12,14,,,,,,2026-06-01,2026-06-16
"4040 | ONN | website Conversion | Always On",Gold-Lookalike-Conversion,male,65+,"Laser Your Pride Be Proud 1-10 June 2026-Conversion",0.15,2,2,,,,,,2026-06-01,2026-06-16
"4040 | ONN | website Conversion | Always On",Gold-Retargeting-Conversion,female,45-54,"ปีเซี๊ยะนำโชค 1-10 June 2026-Conversion",0.14,3,3,,,,,,2026-06-01,2026-06-16
"4040 | ONN | website Conversion | Always On",Gold-Retargeting-Conversion,male,45-54,"ปีเซี๊ยะนำโชค 1-10 June 2026-Conversion",0.14,4,4,,,,,,2026-06-01,2026-06-16
"4040 | ONN | website Traffic Campaign  | Live | June 2026","Live | June 2026 -Lookalike",unknown,25-34,"Live | 10 June 2026",0.14,9,10,,,,,,2026-06-01,2026-06-16
"4040 | ONN | website Traffic Campaign  | Mid Month |","Mid Month -Retargeting",male,18-24,"Mid Month  | 15-17June 2026",0.13081797,4,5,,,,,,2026-06-01,2026-06-16
"4040 | ONN | website Traffic Campaign  | Double Day 6.6 | 1-7June 2026","Double Day 6.6 | 1-7June 2026-Broad",unknown,18-24,"Double Day 6.6 | 1-7June 2026",0.13001372,5,7,,,,,,2026-06-01,2026-06-16
"4040 | ONN | website Traffic Campaign  | Mid Month |","Mid Month -Retargeting",unknown,65+,"Mid Month  | 15-17June 2026",0.12075505,1,3,,,,,,2026-06-01,2026-06-16
"4040 | ONN | website Traffic Campaign  | Mid Month |","Mid Month -Lookalike",male,65+,"Mid Month  | 15-17June 2026",0.12064125,4,4,,,,,,2026-06-01,2026-06-16
"4040 | ONN | website Conversion | Always On",Gold-Lookalike-Conversion,unknown,65+,"นาคครุฑเสริมบารมี | 11- 20 Jun 26",0.12023641,1,1,,,,,,2026-06-01,2026-06-16
"4040 | ONN | website Conversion | Always On",Gold-Lookalike-Conversion,male,18-24,"Laser Your Pride Be Proud 1-10 June 2026-Conversion",0.12,3,5,,,,,,2026-06-01,2026-06-16
"4040 | ONN | website Conversion | Always On",Gold-Lookalike-Conversion,male,65+,"ปีเซี๊ยะนำโชค 1-10 June 2026-Conversion",0.12,2,2,,,,,,2026-06-01,2026-06-16
"4040 | ONN | website Conversion | Always On",Gold-Lookalike-Conversion,unknown,25-34,"ปีเซี๊ยะนำโชค 1-10 June 2026-Conversion",0.12,5,6,,,,,,2026-06-01,2026-06-16
"4040 | ONN | website Traffic | Always On",Gold-Broad,unknown,55-64,"ผ่อนทอง 0% June 2026",0.11003755,7,9,1,1,,,,2026-06-01,2026-06-16
"4040 | ONN | website Traffic Campaign  | Mid Month |","Mid Month  -Broad",unknown,35-44,"Mid Month  | 15-17June 2026",0.10179982,6,7,,,,,,2026-06-01,2026-06-16
"4040 | ONN | website Traffic Campaign  | Mid Month |","Mid Month  -Broad",unknown,45-54,"Mid Month  | 15-17June 2026",0.10179982,2,6,1,,,,,2026-06-01,2026-06-16
"4040 | ONN | website Conversion | Always On",Gold-Retargeting-Conversion,unknown,18-24,"นาคครุฑเสริมบารมี | 11- 20 Jun 26",0.10014783,1,1,,,,,,2026-06-01,2026-06-16
"4040 | ONN | website Conversion | Always On",Gold-Lookalike-Conversion,female,55-64,"Laser Your Pride Be Proud 1-10 June 2026-Conversion",0.09,5,5,,,,,,2026-06-01,2026-06-16
"4040 | ONN | website Traffic Campaign  | Live | June 2026","Live | June 2026 -Lookalike",male,65+,"Live | 10 June 2026",0.09,6,6,,,,,,2026-06-01,2026-06-16
"4040 | ONN | website Traffic | Always On",Gold-Retargeting,unknown,65+,"ผ่อนทอง 0% June 2026",0.08003323,7,9,,,,,,2026-06-01,2026-06-16
"4040 | ONN | website Conversion | Always On",Gold-Retargeting-Conversion,unknown,35-44,"ปีเซี๊ยะนำโชค 1-10 June 2026-Conversion",0.08,1,1,,,,,,2026-06-01,2026-06-16
"4040 | ONN | website Conversion | Always On",Gold-Board-Conversion,unknown,18-24,"ปีเซี๊ยะนำโชค 1-10 June 2026-Conversion",0.07999825,2,3,,,,,,2026-06-01,2026-06-16
"4040 | ONN | website Conversion | Always On",Gold-Board-Conversion,unknown,18-24,"Laser Your Pride Be Proud 1-10 June 2026-Conversion",0.079971,1,1,,,,,,2026-06-01,2026-06-16
"4040 | ONN | website Traffic Campaign  | Live | June 2026","Live | June 2026-Broad",unknown,55-64,"Live | 10 June 2026",0.07000436,2,2,,,,,,2026-06-01,2026-06-16
"4040 | ONN | website Traffic Campaign  | Live | June 2026","Live | June 2026 -Lookalike",female,18-24,"Live | 10 June 2026",0.07,8,8,,,,,,2026-06-01,2026-06-16
"4040 | ONN | website Conversion | Always On",Gold-Board-Conversion,unknown,55-64,"ปีเซี๊ยะนำโชค 1-10 June 2026-Conversion",0.06999847,7,11,,,,,,2026-06-01,2026-06-16
"4040 | ONN | website Conversion | Always On",Gold-Retargeting-Conversion,unknown,55-64,"Laser Your Pride Be Proud 1-10 June 2026-Conversion",0.0699939,2,2,,,,,,2026-06-01,2026-06-16
"4040 | ONN | website Traffic Campaign  | Mid Month |","Mid Month  -Broad",unknown,55-64,"Mid Month  | 15-17June 2026",0.06107989,2,4,,,,,,2026-06-01,2026-06-16
"4040 | ONN | website Traffic | Always On",Gold-Lookalike,unknown,55-64,"ผ่อนทอง 0% June 2026",0.06003139,5,7,,,,,,2026-06-01,2026-06-16
"4040 | ONN | website Traffic Campaign  | Double Day 6.6 | 1-7June 2026","Double Day 6.6 | 1-7June 2026-Lookalike",unknown,18-24,"Double Day 6.6 | 1-7June 2026",0.06000222,4,4,,,,,,2026-06-01,2026-06-16
"4040 | ONN | website Conversion | Always On",Gold-Lookalike-Conversion,unknown,35-44,"Laser Your Pride Be Proud 1-10 June 2026-Conversion",0.05,1,1,,,,,,2026-06-01,2026-06-16
"4040 | ONN | website Conversion | Always On",Gold-Lookalike-Conversion,female,18-24,"Laser Your Pride Be Proud 1-10 June 2026-Conversion",0.04,2,2,,,,,,2026-06-01,2026-06-16
"4040 | ONN | website Traffic Campaign  | Live | June 2026","Live | June 2026 -Lookalike",male,18-24,"Live | 10 June 2026",0.04,5,5,,,,,,2026-06-01,2026-06-16
"4040 | ONN | website Traffic Campaign  | Live | June 2026","Live | June 2026 -Lookalike",unknown,35-44,"Live | 10 June 2026",0.04,4,4,,,,,,2026-06-01,2026-06-16
"4040 | ONN | website Traffic Campaign  | Double Day 6.6 | 1-7June 2026","Double Day 6.6 | 1-7June 2026-Broad",unknown,65+,"Double Day 6.6 | 1-7June 2026",0.03000317,1,2,,,,,,2026-06-01,2026-06-16
"4040 | ONN | website Conversion | Always On",Gold-Retargeting-Conversion,unknown,18-24,"Laser Your Pride Be Proud 1-10 June 2026-Conversion",0.03000162,1,1,,,,,,2026-06-01,2026-06-16
"4040 | ONN | website Conversion | Always On",Gold-Retargeting-Conversion,unknown,65+,"ปีเซี๊ยะนำโชค 1-10 June 2026-Conversion",0.03000088,2,2,,,,,,2026-06-01,2026-06-16
"4040 | ONN | website Conversion | Always On",Gold-Retargeting-Conversion,unknown,18-24,"Laser Your Pride Be Proud 1-10 June 2026-Conversion",0.02999739,2,3,,,,,,2026-06-01,2026-06-16
"4040 | ONN | website Traffic Campaign  | Mid Month |","Mid Month -Lookalike",unknown,25-34,"Mid Month  | 15-17June 2026",0.02010687,2,2,,,,,,2026-06-01,2026-06-16
"4040 | ONN | website Traffic Campaign  | Live | June 2026","Live | June 2026 -Lookalike",unknown,45-54,"Live | 10 June 2026",0.02,1,1,,,,,,2026-06-01,2026-06-16
"4040 | ONN | website Traffic Campaign  | Mid Month |","Mid Month  -Broad",unknown,18-24,"Mid Month  | 15-17June 2026",0.01017998,1,1,,,,,,2026-06-01,2026-06-16
"4040 | ONN | website Traffic Campaign  | Double Day 6.6 | 1-7June 2026","Double Day 6.6 | 1-7June 2026-Lookalike",unknown,65+,"Double Day 6.6 | 1-7June 2026",0.01000037,1,1,,,,,,2026-06-01,2026-06-16
"4040 | ONN | website Conversion | Always On",Gold-Retargeting-Conversion,male,55-64,"ปีเซี๊ยะนำโชค 1-10 June 2026-Conversion",0.01,1,1,,,,,,2026-06-01,2026-06-16
"4040 | ONN | website Traffic Campaign  | Double Day 6.6 | 1-7June 2026","Double Day 6.6 | 1-7June 2026-Retargeting",unknown,18-24,"Double Day 6.6 | 1-7June 2026",0.01,2,2,,,,,,2026-06-01,2026-06-16
"4040 | ONN | website Conversion | Always On",Gold-Retargeting-Conversion,female,18-24,"ONLINE EXCLUSIVE 25-31 May 2026-Conversion",0,0,0,,,1,,,2026-06-01,2026-06-16
"4040 | ONN | website Traffic | Always On",Gold-Broad,female,25-34,"Card customize 15-29 May 2026",0,0,0,,,4,,,2026-06-01,2026-06-16
"4040 | ONN | website Traffic | Always On",Gold-Lookalike,female,25-34,"Card customize 15-29 May 2026",0,0,0,,3,7,1,8920,2026-06-01,2026-06-16
"4040 | ONN | website Conversion | Always On",Gold-Retargeting-Conversion,female,25-34,"ONLINE EXCLUSIVE 25-31 May 2026-Conversion",0,0,0,,,13,,,2026-06-01,2026-06-16
"4040 | ONN | website Traffic | Always On",Gold-Broad,female,35-44,"Card customize 15-29 May 2026",0,0,0,,,1,,,2026-06-01,2026-06-16
"4040 | ONN | website Traffic | Always On",Gold-Lookalike,female,35-44,"Card customize 15-29 May 2026",0,0,0,,5,2,,,2026-06-01,2026-06-16
"4040 | ONN | website Conversion | Always On",Gold-Retargeting-Conversion,female,35-44,"ONLINE EXCLUSIVE 25-31 May 2026-Conversion",0,0,0,,,42,2,106637,2026-06-01,2026-06-16
"4040 | ONN | website Traffic | Always On",Gold-Lookalike,female,45-54,"Card customize 15-29 May 2026",0,0,0,,1,1,,,2026-06-01,2026-06-16
"4040 | ONN | website Conversion | Always On",Gold-Retargeting-Conversion,female,45-54,"Card customize 15-29 May 2026-Conversion",0,0,0,,,2,,,2026-06-01,2026-06-16
"4040 | ONN | website Conversion | Always On",Gold-Retargeting-Conversion,female,45-54,"ONLINE EXCLUSIVE 25-31 May 2026-Conversion",0,0,0,,,11,,,2026-06-01,2026-06-16
"4040 | ONN | website Traffic | Always On",Gold-Lookalike,female,55-64,"Card customize 15-29 May 2026",0,0,0,,1,,,,2026-06-01,2026-06-16
"4040 | ONN | website Traffic | Always On",Gold-Lookalike,female,65+,"Card customize 15-29 May 2026",0,0,0,,1,,,,2026-06-01,2026-06-16
"4040 | ONN | website Conversion | Always On",Gold-Retargeting-Conversion,male,18-24,"ONLINE EXCLUSIVE 25-31 May 2026-Conversion",0,0,0,,,2,,,2026-06-01,2026-06-16
"4040 | ONN | website Traffic | Always On",Gold-Lookalike,male,25-34,"Card customize 15-29 May 2026",0,0,0,,,5,,,2026-06-01,2026-06-16
"4040 | ONN | website Conversion | Always On",Gold-Retargeting-Conversion,male,25-34,"ONLINE EXCLUSIVE 25-31 May 2026-Conversion",0,0,0,,1,4,,,2026-06-01,2026-06-16
"4040 | ONN | website Traffic | Always On",Gold-Lookalike,male,35-44,"Card customize 15-29 May 2026",0,0,0,,1,,,,2026-06-01,2026-06-16
"4040 | ONN | website Conversion | Always On",Gold-Retargeting-Conversion,male,35-44,"ONLINE EXCLUSIVE 25-31 May 2026-Conversion",0,0,0,,,31,1,2540,2026-06-01,2026-06-16
"4040 | ONN | website Conversion | Always On",Gold-Retargeting-Conversion,male,45-54,"ONLINE EXCLUSIVE 25-31 May 2026-Conversion",0,0,0,,,2,,,2026-06-01,2026-06-16
"4040 | ONN | website Traffic | Always On",Gold-Lookalike,male,65+,"Card customize 15-29 May 2026",0,0,0,,1,,,,2026-06-01,2026-06-16
"4040 | ONN | website Traffic | Always On",Gold-Lookalike,unknown,65+,"ผ่อนทอง 0% June 2026",0,1,1,,,,,,2026-06-01,2026-06-16
"4040 | ONN | website Traffic Campaign  | Double Day 6.6 | 1-7June 2026","Double Day 6.6 | 1-7June 2026-Broad",unknown,Unknown,"Double Day 6.6 | 1-7June 2026",0,0,0,,2,,,,2026-06-01,2026-06-16
"4040 | ONN | website Conversion | Always On",Gold-Board-Conversion,unknown,Unknown,"ปีเซี๊ยะนำโชค 1-10 June 2026-Conversion",0,0,0,,1,,,,2026-06-01,2026-06-16
"4040 | ONN | website Traffic | Always On",Gold-Broad,unknown,Unknown,"ผ่อนทอง 0% June 2026",0,0,0,,1,,,,2026-06-01,2026-06-16
"4040 | ONN | website Traffic | Always On",Gold-Retargeting,unknown,Unknown,"ผ่อนทอง 0% June 2026",0,0,0,,2,1,,,2026-06-01,2026-06-16
"4040 | ONN | website Traffic | Always On",Gold-Lookalike,unknown,Unknown,"ผ่อนทอง 0% June 2026",0,0,0,,3,,,,2026-06-01,2026-06-16
"4040 | ONN | website Conversion | Always On",Gold-Board-Conversion,unknown,Unknown,"นาคครุฑเสริมบารมี | 11- 20 Jun 26",0,0,0,,1,,,,2026-06-01,2026-06-16
